bucket_id,order_id,trade_signal_id,stock_tick,stock_id,country_id,time_frame,order_type,entry_price,real_entry_price,stoploss_price,real_stoploss_price,target_price,real_target_price,stock_quantity,purchased_cmp_date,purchased_on,order_status,is_trade_started,is_evaluated,entry_timestamp,completed_on,id_fyers,gtt_id,id_fyers_gtt_oco,gtt_oco_id,gtt_oco_placed
283,164478,12388,eicher_motors,663,1,2,BUY,7120.16,7120,7044.06,7045,7312.86,,1,2026-09-28 17:06,2026-09-28 17:06:45,completed,yes,yes,2026-09-30 15:14:56,2026-10-01 9:18:59,0ee732f1-c46a-4c3e-9c43-fc9ee92fd14b,26092800001242,785d8e69-a776-4e63-8053-dd9c47ae3130,26093000001231,yes
295,164490,12430,eternal,773,1,6,BUY,314.02,314,310.327,310.4,322.456,,1,2026-09-30 16:00,2026-09-30 16:01:44,completed,yes,yes,2026-10-01 9:24:46,2026-10-01 14:05:47,658e76be-93c7-49e1-8abc-9d639310d36e,26093000001296,e3cace98-e563-4317-a24e-8bfa038788fc,26100100000242,yes
253,164448,12172,grasim_industries,666,1,2,BUY,3021,3021,2957.55,2958,3268.1,,1,2026-09-22 14:51,2026-09-22 14:52:17,completed,yes,yes,2026-10-01 9:15:04,2026-10-01 10:03:37,43184519-d2ae-4e04-89bb-a427f791c9d9,26092200001134,d63debd5-ac2f-4b10-91f8-2abe29b02185,26100100000143,yes
293,164488,12414,hero_motocorp,675,1,6,BUY,5232.34,5210,5160.32,5161,5412.04,,1,2026-09-28 17:06,2026-09-28 17:08:10,completed,yes,yes,2026-10-01 9:15:08,2026-10-01 9:15:28,b97e6591-8414-4fec-902c-06c1c852a814,26092800001252,1f1f51e5-609a-43d0-8bc0-4dc078a29160,26100100000145,yes
256,164451,12175,hindalco_industries,676,1,2,BUY,934.349,934.3,923.543,923.85,998.2,,1,2026-09-22 14:51,2026-09-22 14:52:21,completed,yes,yes,2026-10-01 9:15:02,2026-10-01 14:03:46,cde1c447-2cc7-47fd-99ba-8365816c8f95,26092200001138,736a41ea-3ba9-42e7-96d0-f20ed4cc1d66,26100100000140,yes
269,164464,12316,hindustan_aeronautics,677,1,6,BUY,4700.04,4699.6,4611.77,4611.8,4890,,1,2026-09-23 16:45,2026-09-23 16:47:20,completed,yes,yes,2026-09-29 9:15:16,2026-10-01 12:58:53,43aa54ee-05f3-471e-bfd9-7fc7a92d7662,26092300001382,4964be91-c038-4bd9-bb8c-4351e66ac86f,26092900000181,yes
257,164452,12176,infy,4,1,2,BUY,1007.51,1007.5,980.692,980.7,1102,,1,2026-09-22 14:51,2026-09-22 14:52:26,completed,yes,yes,2026-09-24 13:47:24,2026-09-29 13:39:46,02fd494b-1d0b-4122-b53f-e25d70d20e9e,26092200001139,b063892a-e9ae-46b4-a2b7-adc9deb3a414,26092400001173,yes
266,164461,12295,jsw_steel,772,1,2,BUY,1264.59,1264.6,1245.9,1245.9,1305.07,,1,2026-09-23 16:45,2026-09-23 16:46:05,completed,yes,yes,2026-09-28 9:35:25,2026-10-01 9:21:53,73d2ac41-b167-44d3-9f28-8a9bf2e03e31,26092300001380,a80551cd-5735-4539-b8f3-00d017a8791d,26092800000290,yes
273,164468,12342,mahindra_mahindra,704,1,2,BUY,3018.22,3015.2,2978.69,2978.7,3127.8,,1,2026-09-25 17:07,2026-09-25 17:08:10,completed,yes,yes,2026-09-28 9:15:00,2026-09-28 12:57:19,d5dbe949-cbfa-4b04-abc0-7d8b6e0f241c,26092500001150,7b3d12a3-ce6b-4422-b586-26e3f7826a15,26092800000130,yes
259,164454,12178,reliance,9,1,2,BUY,1196.94,1195,1179.7,1180,1255,,1,2026-09-22 14:51,2026-09-22 14:52:35,completed,yes,yes,2026-09-29 9:15:00,2026-10-01 9:15:02,6184d06a-1804-4e87-b2b6-b7e719ee8118,26092200001141,abd32eb2-a98d-4c38-84a5-c72f0a34337f,26092900000169,yes
260,164455,12179,shree_cement,798,1,2,BUY,22133.2,22135,21818.4,21820,23060,,1,2026-09-22 14:51,2026-09-22 14:52:35,completed,yes,yes,2026-09-28 9:15:55,2026-09-29 15:00:57,5ac18eed-350a-46cc-8acf-a33dbcdf3f65,26092200001185,674bddea-a915-4913-aaa6-b7182c46907a,26092800000142,yes
261,164456,12180,tata_steel,739,1,2,BUY,179.869,179.9,177.852,177.86,184.316,,1,2026-09-22 14:51,2026-09-22 14:52:39,completed,yes,yes,2026-10-01 12:29:01,2026-10-01 12:46:49,d92eee5e-3735-4288-a2bc-dfdf7be0cf01,26092200001142,236919b9-02f3-425f-a6ab-cb326d5ca438,26100100000921,yes
289,164484,12394,titan,768,1,2,BUY,4661.88,4661.5,4597.99,4598,4943,,1,2026-09-28 17:06,2026-09-28 17:07:03,completed,yes,yes,2026-09-30 9:20:05,2026-09-30 15:11:41,c130ee4c-cf68-4ceb-9642-9a627f0e1912,26092900000742,47d2edc5-5198-4e3c-b358-38d23746981a,26093000000242,yes
262,164457,12181,trent,774,1,2,BUY,2739.5,2738.3,2675.12,2675.2,2911.9,,1,2026-09-22 14:51,2026-09-22 14:52:41,completed,yes,yes,2026-09-24 11:50:41,2026-09-25 10:00:09,14c9d24e-9ff7-43fc-96cf-b956c3478149,26092200001143,59b1595e-c2f3-48cf-ae91-735aad53b1b4,26092400000906,yes
263,164458,12182,varun_beverages,784,1,2,BUY,427.841,427.8,423.432,423.45,437.794,,1,2026-09-22 14:51,2026-09-22 14:52:44,completed,yes,yes,2026-09-28 9:20:19,2026-10-01 11:06:10,8c33bb7f-b823-4712-a365-a587e41f3621,26092200001144,bf4fe8bb-71cd-4437-ade2-d111b5a7ba26,26092800000179,yes