id,exchange_id,stock_name,time_fr,country_id,price_cmp,trade_type,rrr,timestamps,trade_data,prediction,probability,created_at,updated_at,is_active,is_send,exp_date,active_sig
12371,11,MOTHERSON,1,1,166.45,BUY,3.1934,"{""extend_timestamp"": 1792906200.0, ""entry_price_timestamp"": 1790314200, ""target_price_timestamp"": 1790314200}","{""stop_loss"": 152.65459708893215, ""entry_price"": 156.73475000000002, ""retest_count"": 0, ""target_price"": 168.78, ""is_execute_tf"": true, ""overlap_ratio"": 0.1000000000000038, ""struct_stop_A"": null, ""struct_stop_E"": 137.2, ""base_start_idx"": 735, ""legout_end_idx"": 736, ""zone_signature"": ""MOTHERSON:X:156.5:153.5"", ""htf_target_price"": 168.78, ""consumption_dead_after"": 1}",NA,0,2026-09-28 12:57:00,,1,0,27102026,
12372,11,CANBK,25,1,122.12,BUY,2.6811,"{""extend_timestamp"": 1793182500.0, ""entry_price_timestamp"": 1790590500, ""target_price_timestamp"": 1790590500}","{""stop_loss"": 115.38226198091556, ""entry_price"": 117.82647500000002, ""retest_count"": 0, ""target_price"": 123.73, ""is_execute_tf"": true, ""overlap_ratio"": 1.0, ""struct_stop_A"": 115.64, ""struct_stop_E"": null, ""base_start_idx"": 1192, ""legout_end_idx"": 1197, ""zone_signature"": ""CANBK:X:117.65:116.39"", ""htf_target_price"": 123.73, ""consumption_dead_after"": 2}",NA,0,2026-09-28 12:57:00,,1,0,27102026,
12373,11,MOTHERSON,25,1,163.81,BUY,5.6839,"{""extend_timestamp"": 1793182500.0, ""entry_price_timestamp"": 1790590500, ""target_price_timestamp"": 1790590500}","{""stop_loss"": 153.58692434113584, ""entry_price"": 156.09379, ""retest_count"": 0, ""target_price"": 168.78, ""is_execute_tf"": true, ""overlap_ratio"": 0.0, ""struct_stop_A"": null, ""struct_stop_E"": null, ""base_start_idx"": 2250, ""legout_end_idx"": 2254, ""zone_signature"": ""MOTHERSON:X:155.86:154.0"", ""htf_target_price"": null, ""consumption_dead_after"": 1}",NA,0,2026-09-28 12:57:00,,1,0,27102026,
12374,11,CANBK,2,1,122.11,BUY,2.7289,"{""extend_timestamp"": 1793186100.0, ""entry_price_timestamp"": 1790594100, ""target_price_timestamp"": 1790594100}","{""stop_loss"": 115.42203204034628, ""entry_price"": 117.82647500000002, ""retest_count"": 0, ""target_price"": 123.73, ""is_execute_tf"": true, ""overlap_ratio"": 1.0, ""struct_stop_A"": 115.64, ""struct_stop_E"": null, ""base_start_idx"": 1683, ""legout_end_idx"": 1684, ""zone_signature"": ""CANBK:X:117.65:116.83"", ""htf_target_price"": 123.73, ""consumption_dead_after"": 2}",NA,0,2026-09-28 12:57:00,,1,0,27102026,
12375,11,ASHOKLEY,2,1,156.91,BUY,4.43,"{""extend_timestamp"": 1793186100.0, ""entry_price_timestamp"": 1790594100, ""target_price_timestamp"": 1790594100}","{""stop_loss"": 147.85778238119428, ""entry_price"": 149.8244, ""retest_count"": 0, ""target_price"": 158.53172, ""is_execute_tf"": true, ""overlap_ratio"": 1.0, ""struct_stop_A"": null, ""struct_stop_E"": 148.14, ""base_start_idx"": 3115, ""legout_end_idx"": 3117, ""zone_signature"": ""ASHOKLEY:X:149.6:148.14"", ""htf_target_price"": null, ""consumption_dead_after"": 1}",NA,0,2026-09-28 12:57:00,,1,0,27102026,
12376,11,MOTHERSON,2,1,164.08,BUY,2.599,"{""extend_timestamp"": 1793186100.0, ""entry_price_timestamp"": 1790594100, ""target_price_timestamp"": 1790594100}","{""stop_loss"": 152.8136401432274, ""entry_price"": 155.5, ""retest_count"": 0, ""target_price"": 168.78, ""is_execute_tf"": true, ""overlap_ratio"": 0.0, ""struct_stop_A"": null, ""struct_stop_E"": null, ""base_start_idx"": 3178, ""legout_end_idx"": 3180, ""zone_signature"": ""MOTHERSON:X:157.25:154.9"", ""htf_target_price"": null, ""consumption_dead_after"": 2}",NA,0,2026-09-28 12:57:00,,1,0,27102026,
12377,11,CANBK,3,1,122.25,BUY,8.9375,"{""extend_timestamp"": 1793190600.0, ""entry_price_timestamp"": 1790598600, ""target_price_timestamp"": 1790598600}","{""stop_loss"": 116.96972264152414, ""entry_price"": 117.82647500000002, ""retest_count"": 0, ""target_price"": 123.73, ""is_execute_tf"": true, ""overlap_ratio"": 0.0, ""struct_stop_A"": null, ""struct_stop_E"": null, ""base_start_idx"": 5982, ""legout_end_idx"": 5985, ""zone_signature"": ""CANBK:X:117.65:116.78"", ""htf_target_price"": null, ""consumption_dead_after"": 2}",NA,0,2026-09-28 12:57:00,,1,0,27102026,
12379,11,MOTHERSON,3,1,164.04,BUY,2.3865,"{""extend_timestamp"": 1793190600.0, ""entry_price_timestamp"": 1790598600, ""target_price_timestamp"": 1790598600}","{""stop_loss"": 157.6269785023854, ""entry_price"": 160.931035, ""retest_count"": 0, ""target_price"": 168.0, ""is_execute_tf"": true, ""overlap_ratio"": 1.0, ""struct_stop_A"": null, ""struct_stop_E"": 157.8, ""base_start_idx"": 11985, ""legout_end_idx"": 11990, ""zone_signature"": ""MOTHERSON:X:160.69:159.75"", ""htf_target_price"": 168.0, ""consumption_dead_after"": 2}",NA,0,2026-09-28 12:58:00,,0,0,27102026,
12381,11,MOTHERSON,4,1,163.81,BUY,2.15,"{""extend_timestamp"": 1793179500.0, ""entry_price_timestamp"": 1790587500, ""target_price_timestamp"": 1790587500}","{""stop_loss"": 157.30311549795587, ""entry_price"": 160.94105, ""retest_count"": 0, ""target_price"": 168.78, ""is_execute_tf"": true, ""overlap_ratio"": 1.0, ""struct_stop_A"": 157.8, ""struct_stop_E"": null, ""base_start_idx"": 1455, ""legout_end_idx"": 1459, ""zone_signature"": ""MOTHERSON:X:160.7:157.8"", ""htf_target_price"": 168.78, ""consumption_dead_after"": 1}",NA,0,2026-09-28 12:58:00,,0,0,27102026,
12382,11,ASHOKLEY,5,1,157.28,BUY,3.31,"{""extend_timestamp"": 1793184000.0, ""entry_price_timestamp"": 1790592000, ""target_price_timestamp"": 1790592000}","{""stop_loss"": 149.9881231266598, ""entry_price"": 152.197955, ""retest_count"": 0, ""target_price"": 159.51489775000002, ""is_execute_tf"": true, ""overlap_ratio"": 0.0, ""struct_stop_A"": null, ""struct_stop_E"": null, ""base_start_idx"": 6722, ""legout_end_idx"": 6723, ""zone_signature"": ""ASHOKLEY:X:151.97:151.76"", ""htf_target_price"": null, ""consumption_dead_after"": 1}",NA,0,2026-09-28 12:58:00,,1,0,27102026,
12421,11,CANBK,1,1,120.77,BUY,4.71,"{""extend_timestamp"": 1793165400.0, ""entry_price_timestamp"": 1790573400, ""target_price_timestamp"": 1790573400}","{""stop_loss"": 103.99402585296336, ""entry_price"": 109.173515, ""retest_count"": 0, ""target_price"": 133.58517575000002, ""is_execute_tf"": true, ""overlap_ratio"": 1.0, ""struct_stop_A"": null, ""struct_stop_E"": 104.6, ""base_start_idx"": 517, ""legout_end_idx"": 518, ""zone_signature"": ""CANBK:X:114.31:113.29"", ""htf_target_price"": null, ""consumption_dead_after"": 1}",NA,0,2026-09-29 16:09:28,,1,0,27102026,
12422,11,ASHOKLEY,25,1,155.65,BUY,4.11,"{""extend_timestamp"": 1793275200.0, ""entry_price_timestamp"": 1790683200, ""target_price_timestamp"": 1790683200}","{""stop_loss"": 147.76352749669078, ""entry_price"": 149.66416, ""retest_count"": 0, ""target_price"": 157.47, ""is_execute_tf"": true, ""overlap_ratio"": 1.0, ""struct_stop_A"": 148.14, ""struct_stop_E"": 148.14, ""base_start_idx"": 2202, ""legout_end_idx"": 2204, ""zone_signature"": ""ASHOKLEY:X:149.44:148.14"", ""htf_target_price"": 157.47, ""consumption_dead_after"": 1}",NA,0,2026-09-29 16:09:31,,1,0,27102026,
12423,11,MOTHERSON,3,1,162.86,BUY,2.4923,"{""extend_timestamp"": 1793280600.0, ""entry_price_timestamp"": 1790688600, ""target_price_timestamp"": 1790688600}","{""stop_loss"": 154.82655207709044, ""entry_price"": 157.48587500000002, ""retest_count"": 0, ""target_price"": 163.29, ""is_execute_tf"": true, ""overlap_ratio"": 1.0, ""struct_stop_A"": 153.5, ""struct_stop_E"": null, ""base_start_idx"": 11258, ""legout_end_idx"": 11262, ""zone_signature"": ""MOTHERSON:X:157.25:154.99"", ""htf_target_price"": 163.29, ""consumption_dead_after"": 2}",NA,0,2026-09-29 16:09:48,,1,0,27102026,
12424,11,CANBK,4,1,119.52,BUY,2.48,"{""extend_timestamp"": 1793266800.0, ""entry_price_timestamp"": 1790674800, ""target_price_timestamp"": 1790674800}","{""stop_loss"": 111.40243392452656, ""entry_price"": 114.25112, ""retest_count"": 0, ""target_price"": 121.327556, ""is_execute_tf"": true, ""overlap_ratio"": 0.0, ""struct_stop_A"": null, ""struct_stop_E"": null, ""base_start_idx"": 714, ""legout_end_idx"": 717, ""zone_signature"": ""CANBK:X:114.08:113.29"", ""htf_target_price"": null, ""consumption_dead_after"": 1}",NA,0,2026-09-29 16:09:49,,1,0,27102026,
12425,11,ETERNAL,5,1,327.2,BUY,2.71,"{""extend_timestamp"": 1793278800.0, ""entry_price_timestamp"": 1790686800, ""target_price_timestamp"": 1790686800}","{""stop_loss"": 312.87491420864404, ""entry_price"": 317.926175, ""retest_count"": 0, ""target_price"": 331.6, ""is_execute_tf"": true, ""overlap_ratio"": 1.0, ""struct_stop_A"": null, ""struct_stop_E"": 313.35, ""base_start_idx"": 5326, ""legout_end_idx"": 5330, ""zone_signature"": ""ETERNAL:X:317.45:313.35"", ""htf_target_price"": 331.6, ""consumption_dead_after"": 1}",NA,0,2026-09-29 16:09:58,,1,0,27102026,
