Datetime,Price($)
2023-05-01,2.24
2023-05-02,2.12
2023-05-03,2.01
2023-05-04,1.96
2023-05-05,1.85
2023-05-08,2.12
2023-05-09,2.22
2023-05-10,2.12
2023-05-11,2.07
2023-05-12,1.98
2023-05-15,2.25
2023-05-16,2.28
2023-05-17,2.25
2023-05-18,2.3
2023-05-19,2.37
2023-05-22,2.3
2023-05-23,2.22
2023-05-24,2.25
2023-05-25,2.23
2023-05-26,1.88
2023-05-30,2.11
2023-05-31,2.1
2023-06-01,1.77
2023-06-02,1.74
2023-06-05,1.92
2023-06-06,1.95
2023-06-07,2.13
2023-06-08,2.1
2023-06-09,1.85
2023-06-12,1.9
2023-06-13,2.0
2023-06-14,2.05
2023-06-15,2.18
2023-06-16,2.13
2023-06-20,2.38
2023-06-21,2.24
2023-06-22,2.27
2023-06-23,2.22
2023-06-26,2.62
2023-06-27,2.68
2023-06-28,2.71
2023-06-29,2.4
2023-06-30,2.48
2023-07-03,2.48
2023-07-05,2.65
2023-07-06,2.5
2023-07-07,2.49
2023-07-10,2.55
2023-07-11,2.57
2023-07-12,2.55
2023-07-13,2.5
2023-07-14,2.5
2023-07-17,2.46
2023-07-18,2.52
2023-07-19,2.51
2023-07-20,2.61
2023-07-21,2.61
2023-07-24,2.68
2023-07-25,2.66
2023-07-26,2.6
2023-07-27,2.47
2023-07-28,2.53
2023-07-31,2.58
2023-08-01,2.49
2023-08-02,2.43
2023-08-03,2.44
2023-08-04,2.53
2023-08-07,2.65
2023-08-08,2.77
2023-08-09,2.92
2023-08-10,2.83
2023-08-11,2.61
2023-08-14,2.74
2023-08-15,2.65
2023-08-16,2.55
2023-08-17,2.56
2023-08-18,2.44
2023-08-21,2.6
2023-08-22,2.58
2023-08-23,2.6
2023-08-24,2.42
2023-08-25,2.46
2023-08-28,2.6
2023-08-29,2.5
2023-08-30,2.48
2023-08-31,2.56
2023-09-01,2.7
2023-09-05,2.6
2023-09-06,2.49
2023-09-07,2.45
2023-09-08,2.53
2023-09-11,2.5
2023-09-12,2.72
2023-09-13,2.76
2023-09-14,2.81
2023-09-15,2.74
2023-09-18,2.54
2023-09-19,2.46
2023-09-20,2.78
2023-09-21,2.7
2023-09-22,2.63
2023-09-25,2.63
2023-09-26,2.55
2023-09-27,2.72
2023-09-28,2.74
2023-09-29,2.68
2023-10-02,2.7
2023-10-03,2.71
2023-10-04,2.92
2023-10-05,2.92
2023-10-06,3.3
2023-10-10,3.34
2023-10-11,3.19
2023-10-12,3.16
2023-10-13,3.11
2023-10-16,2.98
2023-10-17,2.94
2023-10-18,2.92
2023-10-19,2.84
2023-10-20,2.6
2023-10-23,2.65
2023-10-24,2.85
2023-10-25,2.86
2023-10-26,2.87
2023-10-27,3.24
2023-10-30,3.17
2023-10-31,3.34
2023-11-01,3.19
2023-11-02,3.12
2023-11-03,3.0
2023-11-06,2.71
2023-11-07,2.0
2023-11-08,2.18
2023-11-09,2.71
2023-11-10,2.71
2023-11-13,2.61
2023-11-14,2.69
2023-11-15,2.88
2023-11-16,2.91
2023-11-17,2.62
2023-11-20,2.49
2023-11-21,2.63
2023-11-22,2.72
2023-11-24,2.72
2023-11-27,2.74
2023-11-28,2.78
2023-11-29,2.7
2023-11-30,2.75
2023-12-01,2.63
2023-12-04,2.55
2023-12-05,2.72
2023-12-06,2.76
2023-12-07,2.52
2023-12-08,2.57
2023-12-11,2.39
2023-12-12,2.37
2023-12-13,2.33
2023-12-14,2.39
2023-12-15,2.44
2023-12-18,2.59
2023-12-19,2.44
2023-12-20,2.48
2023-12-21,2.48
2023-12-22,2.54
2023-12-26,2.56
2023-12-27,2.62
2023-12-28,2.51
2023-12-29,2.53
2023-12-30,2.5
2023-12-31,2.5
2024-01-01,2.51
2024-01-02,2.61
2024-01-03,2.62
2024-01-04,2.77
2024-01-05,2.81
2024-01-06,2.91
2024-01-07,2.91
2024-01-08,2.86
2024-01-09,3.06
2024-01-10,3.09
2024-01-11,3.05
2024-01-12,3.22
2024-01-13,3.33
2024-01-14,3.32
2024-01-15,3.12
2024-01-16,2.99
2024-01-17,2.83
2024-01-18,2.82
2024-01-19,2.61
2024-01-20,2.52
2024-01-21,2.51
2024-01-22,2.38
2024-01-23,2.42
2024-01-24,2.57
2024-01-25,2.7
2024-01-26,2.61
2024-01-27,2.72
2024-01-28,2.72
2024-01-29,2.55
2024-01-30,2.12
2024-01-31,2.09
2024-02-01,2.11
2024-02-02,2.07
2024-02-03,2.09
2024-02-04,2.09
2024-02-05,2.08
2024-02-06,2.05
2024-02-07,2.0
2024-02-08,1.95
2024-02-09,1.85
2024-02-10,1.86
2024-02-11,1.86
2024-02-12,1.8
2024-02-13,1.73
2024-02-14,1.65
2024-02-15,1.61
2024-02-16,1.6
2024-02-17,1.6
2024-02-18,1.6
2024-02-19,1.56
2024-02-20,1.59
2024-02-21,1.73
2024-02-22,1.73
2024-02-23,1.65
2024-02-24,1.58
2024-02-25,1.59
2024-02-26,1.67
2024-02-27,1.64
2024-02-28,1.82
2024-02-29,1.86
2024-03-01,1.85
2024-03-02,1.84
2024-03-03,1.84
2024-03-04,1.92
2024-03-05,1.93
2024-03-06,1.94
2024-03-07,1.9
2024-03-08,1.8
2024-03-09,1.81
2024-03-10,1.81
2024-03-11,1.79
2024-03-12,1.75
2024-03-13,1.69
2024-03-14,1.69
2024-03-15,1.72
2024-03-16,1.67
2024-03-17,1.67
2024-03-18,1.73
2024-03-19,1.73
2024-03-20,1.72
2024-03-21,1.7
2024-03-22,1.68
2024-03-23,1.65
2024-03-24,1.65
2024-03-25,1.64
2024-03-26,1.61
2024-03-27,1.72
2024-03-28,1.73
2024-03-29,1.75
2024-03-30,1.75
2024-03-31,1.75
2024-04-01,1.78
2024-04-02,1.84
2024-04-03,1.86
2024-04-04,1.82
2024-04-05,1.78
2024-04-06,1.79
2024-04-07,1.79
2024-04-08,1.8
2024-04-09,1.87
2024-04-10,1.89
2024-04-11,1.83
2024-04-12,1.76
2024-04-13,1.77
2024-04-14,1.77
2024-04-15,1.73
2024-04-16,1.69
2024-04-17,1.69
2024-04-18,1.75
2024-04-19,1.76
2024-04-20,1.76
2024-04-21,1.76
2024-04-22,1.77
2024-04-23,1.8
2024-04-24,1.76
2024-04-25,1.64
2024-04-26,1.6
2024-04-27,1.77
2024-04-28,1.78
2024-04-29,1.98
2024-04-30,2.03
2024-05-01,1.94
2024-05-02,1.99
2024-05-03,2.07
2024-05-04,2.15
2024-05-05,2.15
2024-05-06,2.18
2024-05-07,2.19
2024-05-08,2.21
2024-05-09,2.23
2024-05-10,2.3
2024-05-11,2.25
2024-05-12,2.25
2024-05-13,2.29
2024-05-14,2.35
2024-05-15,2.37
2024-05-16,2.45
2024-05-17,2.56
2024-05-18,2.64
2024-05-19,2.64
2024-05-20,2.69
2024-05-21,2.72
2024-05-22,2.7
2024-05-23,2.77
2024-05-24,2.61
2024-05-25,2.5
2024-05-26,2.5
2024-05-27,2.52
2024-05-28,2.54
2024-05-29,2.54
2024-05-30,2.61
2024-05-31,2.56
2024-06-01,2.58
2024-06-02,2.59
2024-06-03,2.72
2024-06-04,2.71
2024-06-05,2.68
2024-06-06,2.79
2024-06-07,2.87
2024-06-08,2.94
2024-06-09,2.94
2024-06-10,2.99
2024-06-11,3.06
2024-06-12,3.07
2024-06-13,2.99
2024-06-14,2.93
2024-06-15,2.89
2024-06-16,2.88
2024-06-17,2.8
2024-06-18,2.84
2024-06-19,2.91
2024-06-20,2.84
2024-06-21,2.71
2024-06-22,2.72
2024-06-23,2.72
2024-06-24,2.73
2024-06-25,2.79
2024-06-26,2.68
2024-06-27,2.72
2024-06-28,2.67
2024-06-29,2.6
2024-06-30,2.6
2024-07-01,2.54
2024-07-02,2.46
2024-07-03,2.44
2024-07-04,2.4
2024-07-05,2.35
2024-07-06,2.33
2024-07-07,2.33
2024-07-08,2.35
2024-07-09,2.37
2024-07-10,2.34
2024-07-11,2.3
2024-07-12,2.29
2024-07-13,2.31
2024-07-14,2.31
2024-07-15,2.23
2024-07-16,2.18
2024-07-17,2.13
2024-07-18,2.07
2024-07-19,2.1
2024-07-20,2.12
2024-07-21,2.12
2024-07-22,2.2
2024-07-23,2.22
2024-07-24,2.14
2024-07-25,2.09
2024-07-26,2.03
2024-07-27,1.99
2024-07-28,1.99
2024-07-29,1.98
2024-07-30,2.06
2024-07-31,2.09
2024-08-01,2.04
2024-08-02,1.98
2024-08-03,1.98
2024-08-04,1.98
2024-08-05,1.93
2024-08-06,1.98
2024-08-07,2.06
2024-08-08,2.11
2024-08-09,2.15
2024-08-10,2.16
2024-08-11,2.16
2024-08-12,2.2
2024-08-13,2.17
2024-08-14,2.2
2024-08-15,2.23
2024-08-16,2.17
2024-08-17,2.13
2024-08-18,2.13
2024-08-19,2.17
2024-08-20,2.22
2024-08-21,2.19
2024-08-22,2.13
2024-08-23,2.04
2024-08-24,2.03
2024-08-25,2.03
2024-08-26,1.98
2024-08-27,1.93
2024-08-28,1.93
2024-08-29,2.1
2024-08-30,2.14
2024-08-31,2.15
2024-09-01,2.15
2024-09-02,2.17
2024-09-03,2.18
2024-09-04,2.19
2024-09-05,2.19
2024-09-06,2.27
2024-09-07,2.29
2024-09-08,2.28
2024-09-09,2.18
2024-09-10,2.19
2024-09-11,2.26
2024-09-12,2.3
2024-09-13,2.35
2024-09-14,2.29
2024-09-15,2.29
2024-09-16,2.32
2024-09-17,2.37
2024-09-18,2.31
2024-09-19,2.3
2024-09-20,2.38
2024-09-21,2.46
2024-09-22,2.46
2024-09-23,2.53
2024-09-24,2.62
2024-09-25,2.6
2024-09-26,2.64
2024-09-27,2.8
2024-09-28,2.92
2024-09-29,2.92
2024-09-30,2.9
2024-10-01,2.9
2024-10-02,2.92
2024-10-03,2.94
2024-10-04,2.92
2024-10-05,2.83
2024-10-06,2.83
2024-10-07,2.78
2024-10-08,2.74
2024-10-09,2.68
2024-10-10,2.65
2024-10-11,2.67
2024-10-12,2.63
2024-10-13,2.63
2024-10-14,2.55
2024-10-15,2.48
2024-10-16,2.44
2024-10-17,2.37
2024-10-18,2.31
2024-10-19,2.25
2024-10-20,2.25
2024-10-21,2.3
2024-10-22,2.33
2024-10-23,2.32
2024-10-24,2.44
2024-10-25,2.52
2024-10-26,2.53
2024-10-27,2.53
2024-10-28,2.39
2024-10-29,2.31
2024-10-30,2.79
2024-10-31,2.77
2024-11-01,2.69
2024-11-02,2.65
2024-11-03,2.65
2024-11-04,2.67
2024-11-05,2.75
2024-11-06,2.71
2024-11-07,2.72
2024-11-08,2.7
2024-11-09,2.67
2024-11-10,2.67
2024-11-11,2.87
2024-11-12,2.93
2024-11-13,2.92
2024-11-14,2.91
2024-11-15,2.76
2024-11-16,2.84
2024-11-17,2.84
2024-11-18,2.92
2024-11-19,2.97
2024-11-20,3.09
2024-11-21,3.33
2024-11-22,3.28
2024-11-23,3.12
2024-11-24,3.13
2024-11-25,3.36
2024-11-26,3.34
2024-11-27,3.31
2024-11-28,3.24
2024-11-29,3.33
2024-11-30,3.37
2024-12-01,3.36
2024-12-02,3.19
2024-12-03,3.14
2024-12-04,3.04
2024-12-05,3.09
2024-12-06,3.07
2024-12-07,3.11
2024-12-08,3.11
2024-12-09,3.22
2024-12-10,3.15
2024-12-11,3.27
2024-12-12,3.4
2024-12-13,3.39
2024-12-14,3.27
2024-12-15,3.27
2024-12-16,3.21
2024-12-17,3.23
2024-12-18,3.38
2024-12-19,3.48
2024-12-20,3.67
2024-12-21,3.75
2024-12-22,3.75
2024-12-23,3.79
2024-12-24,3.8
2024-12-25,3.95
2024-12-26,3.87
2024-12-27,3.72
2024-12-28,3.53
2024-12-29,3.51
2024-12-30,3.81
2024-12-31,3.77
2025-01-01,3.64
2025-01-02,3.65
2025-01-03,3.55
2025-01-04,3.46
2025-01-05,3.47
2025-01-06,3.63
2025-01-07,3.59
2025-01-08,3.6
2025-01-09,3.66
2025-01-10,3.79
2025-01-11,3.87
2025-01-12,3.88
2025-01-13,3.94
2025-01-14,3.81
2025-01-15,3.88
2025-01-16,3.97
2025-01-17,3.95
2025-01-18,3.83
2025-01-19,3.83
2025-01-20,3.75
2025-01-21,3.76
2025-01-22,3.77
2025-01-23,3.86
2025-01-24,3.83
2025-01-25,3.89
2025-01-26,3.89
2025-01-27,3.71
2025-01-28,3.6
2025-01-29,3.47
2025-01-30,3.35
2025-01-31,3.29
2025-02-01,3.29
2025-02-02,3.29
2025-02-03,3.44
2025-02-04,3.41
2025-02-05,3.4
2025-02-06,3.46
2025-02-07,3.47
2025-02-08,3.44
2025-02-09,3.44
2025-02-10,3.51
2025-02-11,3.55
2025-02-12,3.57
2025-02-13,3.66
2025-02-14,3.69
2025-02-15,3.7
2025-02-16,3.69
2025-02-17,3.64
2025-02-18,3.68
2025-02-19,3.88
2025-02-20,3.93
2025-02-21,3.96
2025-02-22,3.96
2025-02-23,3.97
2025-02-24,3.82
2025-02-25,3.84
2025-02-26,3.86
2025-02-27,3.8
2025-02-28,3.77
2025-03-01,3.74
2025-03-02,3.73
2025-03-03,3.79
2025-03-04,3.94
2025-03-05,4.0
2025-03-06,4.0
2025-03-07,3.97
2025-03-08,4.06
2025-03-09,4.04
2025-03-10,4.12
2025-03-11,4.07
2025-03-12,3.96
2025-03-13,3.87
2025-03-14,3.87
2025-03-15,3.89
2025-03-16,3.88
2025-03-17,3.88
2025-03-18,3.86
2025-03-19,3.91
2025-03-20,3.89
2025-03-21,3.8
2025-03-22,3.82
2025-03-23,3.81
2025-03-24,3.8
2025-03-25,3.8
2025-03-26,3.87
2025-03-27,3.85
2025-03-28,3.95
2025-03-29,4.08
2025-03-30,4.08
2025-03-31,4.16
2025-04-01,4.05
2025-04-02,3.99
2025-04-03,4.07
2025-04-04,3.98
2025-04-05,3.82
2025-04-06,3.82
2025-04-07,3.74
2025-04-08,3.6
2025-04-09,3.54
2025-04-10,3.64
2025-04-11,3.51
2025-04-12,3.53
2025-04-13,3.53
2025-04-14,3.45
2025-04-15,3.32
2025-04-16,3.27
2025-04-17,3.25
2025-04-18,3.25
2025-04-19,3.25
2025-04-20,3.24
2025-04-21,3.13
2025-04-22,3.03
2025-04-23,3.02
2025-04-24,2.95
2025-04-25,2.93
2025-04-26,2.95
2025-04-27,2.95
2025-04-28,3.11
2025-04-29,3.35
2025-04-30,3.35
2025-05-01,3.4
2025-05-02,3.53
2025-05-03,3.65
2025-05-04,3.66
2025-05-05,3.64
2025-05-06,3.56
2025-05-07,3.59
2025-05-08,3.63
2025-05-09,3.7
2025-05-10,3.79
2025-05-11,3.79
2025-05-12,3.71
2025-05-13,3.66
2025-05-14,3.55
2025-05-15,3.43
2025-05-16,3.35
2025-05-17,3.33
2025-05-18,3.32
2025-05-19,3.19
2025-05-20,3.25
2025-05-21,3.39
2025-05-22,3.31
2025-05-23,3.29
2025-05-24,3.32
2025-05-25,3.32
2025-05-26,3.29
2025-05-27,3.33
2025-05-28,3.49
2025-05-29,3.52
2025-05-30,3.5
2025-05-31,3.45
2025-06-01,3.46
2025-06-02,3.63
2025-06-03,3.71
2025-06-04,3.7
2025-06-05,3.69
2025-06-06,3.73
2025-06-07,3.79
2025-06-08,3.78
2025-06-09,3.68
2025-06-10,3.58
2025-06-11,3.54
2025-06-12,3.55
2025-06-13,3.56
2025-06-14,3.6
2025-06-15,3.6
2025-06-16,3.69
2025-06-17,3.81
2025-06-18,3.91
2025-06-19,4.02
2025-06-20,4.0
2025-06-21,3.87
2025-06-22,3.88
2025-06-23,3.8
2025-06-24,3.62
2025-06-25,3.51
2025-06-26,3.43
2025-06-27,3.63
2025-06-28,3.74
2025-06-29,3.73
2025-06-30,3.55
2025-07-01,3.41
2025-07-02,3.45
2025-07-03,3.48
2025-07-04,3.4
2025-07-05,3.39
2025-07-06,3.38
2025-07-07,3.35
2025-07-08,3.37
2025-07-09,3.26
2025-07-10,3.27
2025-07-11,3.35
2025-07-12,3.34
2025-07-13,3.34
2025-07-14,3.45
2025-07-15,3.46
2025-07-16,3.54
2025-07-17,3.57
2025-07-18,3.57
2025-07-19,3.56
2025-07-20,3.55
2025-07-21,3.36
2025-07-22,3.27
2025-07-23,3.17
2025-07-24,3.1
2025-07-25,3.1
2025-07-26,3.1
2025-07-27,3.1
2025-07-28,3.07
2025-07-29,3.1
2025-07-30,3.1
2025-07-31,3.04
2025-08-01,3.09
2025-08-02,3.09
2025-08-03,3.09
2025-08-04,3.0
2025-08-05,2.98
2025-08-06,3.02
2025-08-07,3.08
2025-08-08,3.04
2025-08-09,2.99
2025-08-13,2.81
2025-08-14,2.83
2025-08-15,2.87
2025-08-16,2.91
2025-08-17,2.91
2025-08-18,2.86
2025-08-19,2.82
2025-08-20,2.75
2025-08-21,2.79
2025-08-22,2.76
2025-08-23,2.69
2025-08-24,2.68
2025-08-25,2.66
2025-08-26,2.7
2025-08-27,2.81
2025-08-28,2.92
2025-08-29,2.98
2025-08-30,3.0
2025-08-31,3.0
2025-09-01,2.99
2025-09-02,2.96
2025-09-03,3.03
2025-09-04,3.08
2025-09-05,3.07
2025-09-06,3.04
2025-09-07,3.04
2025-09-08,3.11
2025-09-09,3.11
2025-09-10,3.06
2025-09-11,2.99
2025-09-12,2.93
2025-09-13,2.95
2025-09-14,2.95
2025-09-15,2.98
2025-09-16,3.07
2025-09-17,3.11
2025-09-18,3.02
2025-09-19,2.91
2025-09-20,2.9
2025-09-21,2.9
2025-09-22,2.87
2025-09-23,2.82
2025-09-24,2.86
2025-09-25,2.91
2025-09-26,3.07
2025-09-27,3.15
2025-09-28,3.14
2025-09-29,3.2
2025-09-30,3.29
2025-10-01,3.39
2025-10-02,3.45
2025-10-03,3.38
2025-10-04,3.33
2025-10-05,3.33
2025-10-06,3.4
2025-10-07,3.43
2025-10-08,3.43
2025-10-09,3.29
2025-10-10,3.18
2025-10-11,3.11
2025-10-12,3.11
2025-10-13,3.1
2025-10-14,3.05
2025-10-15,3.01
2025-10-16,3.01
2025-10-17,2.96
2025-10-18,3.0
2025-10-19,3.01
2025-10-20,3.25
2025-10-21,3.43
2025-10-22,3.48
2025-10-23,3.41
2025-10-24,3.3
2025-10-25,3.32
2025-10-26,3.32
2025-10-27,3.37
2025-10-28,3.36
2025-10-29,3.56
2025-10-30,3.86
2025-10-31,4.08
2025-11-01,4.12
2025-11-02,4.12
2025-11-03,4.2
2025-11-04,4.26
2025-11-05,4.26
2025-11-06,4.31
2025-11-07,4.35
2025-11-08,4.31
2025-11-09,4.32
2025-11-10,4.41
2025-11-11,4.41
2025-11-12,4.53
2025-11-13,4.55
2025-11-14,4.53
2025-11-15,4.55
2025-11-16,4.54
2025-11-17,4.45
2025-11-18,4.33
2025-11-19,4.46
2025-11-20,4.52
2025-11-21,4.54
2025-11-22,4.58
2025-11-23,4.58
2025-11-24,4.52
2025-11-25,4.48
2025-11-26,4.54
2025-11-27,4.61
2025-11-28,4.7
2025-11-29,4.84
2025-11-30,4.84
2025-12-01,4.83
2025-12-02,4.88
2025-12-03,4.94
2025-12-04,5.0
2025-12-05,5.19
2025-12-06,5.29
2025-12-07,5.29
2025-12-08,5.04
2025-12-09,4.75
2025-12-10,4.57
2025-12-11,4.44
2025-12-12,4.17
2025-12-13,4.1
2025-12-14,4.11
2025-12-15,4.11
2025-12-16,3.93
2025-12-17,3.99
2025-12-18,4.05
2025-12-19,3.93
2025-12-20,3.99
2025-12-21,4.0
2025-12-22,4.01
2025-12-23,4.08
2025-12-24,4.39
2025-12-25,4.24
2025-12-26,4.34
2025-12-27,4.37
2025-12-28,4.37
2025-12-29,4.33
2025-12-30,4.07
2025-12-31,3.81
2026-01-01,3.69
2026-01-02,3.62
2026-01-03,3.62
2026-01-04,3.61
2026-01-05,3.46
2026-01-06,3.41
2026-01-07,3.5
2026-01-08,3.5
2026-01-09,3.34
2026-01-10,3.17
2026-01-11,3.18
2026-01-12,3.29
2026-01-13,3.38
2026-01-14,3.26
2026-01-15,3.13
2026-01-16,3.16
2026-01-17,3.1
2026-01-18,3.13
2026-01-19,3.53
2026-01-20,3.78
2026-01-21,4.55
2026-01-22,5.26
2026-01-23,5.06
2026-01-24,5.28
2026-01-25,5.33
2026-01-26,6.34
2026-01-27,6.48
2026-01-28,6.65
2026-01-29,4.63
2026-01-30,4.05
2026-01-31,4.34
2026-02-01,4.31
2026-02-02,3.6
2026-02-03,3.28
2026-02-04,3.38
2026-02-05,3.48
2026-02-06,3.49
2026-02-07,3.42
2026-02-08,3.41
2026-02-09,3.18
2026-02-10,3.13
2026-02-11,3.15
2026-02-12,3.23
2026-02-13,3.19
2026-02-14,3.24
2026-02-15,3.23
2026-02-16,3.03
2026-02-17,3.08
2026-02-18,3.01
2026-02-19,3.03
2026-02-20,3.01
2026-02-21,3.05
2026-02-22,3.06
2026-02-23,3.09
2026-02-24,2.97
2026-02-25,2.94
2026-02-26,2.85
2026-02-27,2.85
2026-02-28,2.86
2026-03-01,2.86
2026-03-02,2.96
2026-03-03,3.07
2026-03-04,2.98
2026-03-05,2.97
2026-03-06,3.07
2026-03-07,3.19
2026-03-08,3.2
2026-03-09,3.28
2026-03-10,3.06
2026-03-11,3.11
2026-03-12,3.23
2026-03-13,3.21
2026-03-14,3.13
2026-03-15,3.13
2026-03-16,3.08
2026-03-17,3.04
2026-03-18,3.02
2026-03-19,3.18
2026-03-20,3.1
2026-03-21,3.1
2026-03-22,3.1
2026-03-23,2.99
2026-03-24,2.93
2026-03-25,2.92
2026-03-26,2.98
2026-03-27,3.05
2026-03-28,3.1
2026-03-29,3.09
2026-03-30,2.91
2026-03-31,2.88
2026-04-01,2.85
2026-04-02,2.83
2026-04-03,2.8
2026-04-04,2.8
2026-04-05,2.8
2026-04-06,2.82
2026-04-07,2.83
2026-04-08,2.74
2026-04-09,2.71
2026-04-10,2.66
2026-04-11,2.65
2026-04-12,2.65
2026-04-13,2.67
2026-04-14,2.6
2026-04-15,2.78
2026-04-16,2.63
2026-04-17,2.67
2026-04-18,2.67
2026-04-19,2.67
2026-04-20,2.71
2026-04-21,2.68
2026-04-22,2.75
2026-04-23,2.67
2026-04-24,2.54
2026-04-25,2.52
2026-04-26,2.52
2026-04-27,2.55
2026-04-28,2.53
2026-04-29,2.6
2026-04-30,2.67
2026-05-01,2.78
2026-05-02,2.78
2026-05-03,2.78
2026-05-04,2.84
2026-05-05,2.82
2026-05-06,2.75
2026-05-07,2.74
2026-05-08,2.79
2026-05-09,2.76
2026-05-10,2.76
2026-05-11,2.86
2026-05-12,2.88
2026-05-13,2.88
2026-05-14,2.88
2026-05-15,2.94
2026-05-16,2.96
2026-05-17,2.96
2026-05-18,3.03
2026-05-19,3.06
2026-05-20,3.18
2026-05-21,3.02
2026-05-22,2.97
2026-05-23,2.91
2026-05-24,2.91
2026-05-25,2.91
2026-05-26,2.94
2026-05-27,2.95
2026-05-28,3.04
2026-05-29,3.32
2026-05-30,3.29
2026-05-31,3.29
2026-06-01,3.27
2026-06-02,3.17
2026-06-03,2.97
2026-06-04,3.29
2026-06-05,3.29
2026-06-06,3.23
2026-06-07,3.23
2026-06-08,3.14
2026-06-09,3.16
2026-06-10,3.17
2026-06-11,3.12
2026-06-12,3.09
2026-06-13,3.12
2026-06-14,3.12
2026-06-15,3.1
2026-06-16,3.2
2026-06-17,3.2
2026-06-18,3.18
2026-06-19,3.21
2026-06-20,3.2
2026-06-21,3.21
2026-06-22,3.28
2026-06-23,3.2
2026-06-24,3.18
2026-06-25,3.28
2026-06-26,3.32
2026-06-27,3.23
2026-06-28,3.24
2026-06-29,3.23
2026-06-30,3.23
2026-07-01,3.23
2026-07-02,3.19
2026-07-03,3.24
2026-07-04,3.25
2026-07-05,3.25
2026-07-06,3.22
2026-07-07,3.26
2026-07-08,3.27
2026-07-09,3.11
2026-07-10,2.97
2026-07-11,2.94
2026-07-12,2.94
2026-07-13,2.9
2026-07-14,2.89
2026-07-15,2.91
2026-07-16,2.89
2026-07-17,2.88
2026-07-18,2.91
2026-07-19,2.91
2026-07-20,2.86
2026-07-21,2.87
2026-07-22,2.91
2026-07-23,2.94
2026-07-24,2.9
2026-07-25,2.87
2026-07-26,2.87
2026-07-27,2.77
2026-07-28,2.7
2026-07-29,2.67
2026-07-30,2.74
2026-07-31,2.76
2026-08-01,2.75
2026-08-02,2.75
2026-08-03,2.77
2026-08-04,2.75
2026-08-05,2.69
2026-08-06,2.66
2026-08-07,2.64
2026-08-08,2.66
2026-08-09,2.67
2026-08-10,2.75
2026-08-11,2.76
2026-08-12,2.78
2026-08-13,2.76
2026-08-14,2.75
2026-08-15,2.75
2026-08-16,2.74
2026-08-17,2.69
2026-08-18,2.74
2026-08-19,2.79
2026-08-20,2.77
2026-08-21,2.77
2026-08-22,2.77
2026-08-23,2.77
2026-08-24,2.77
2026-08-25,2.75
2026-08-26,2.83
2026-08-27,2.89
2026-08-28,2.89
2026-08-29,2.89
2026-08-30,2.89
2026-08-31,2.9
2026-09-01,2.92
2026-09-02,2.96
2026-09-03,2.96
2026-09-04,2.94
2026-09-05,2.98
2026-09-06,2.98
2026-09-07,2.96
2026-09-08,2.94
2026-09-09,2.87
2026-09-10,2.8
2026-09-11,2.82
2026-09-12,2.83
2026-09-13,2.83
2026-09-14,2.89
2026-09-15,2.91
2026-09-16,2.92
2026-09-17,2.89
2026-09-18,2.88
2026-09-19,2.91
2026-09-20,2.91
2026-09-21,2.86
2026-09-22,2.89
2026-09-23,3.02
2026-09-24,3.11
