Date,Price
2023-05-01,24.765
2023-05-02,24.77
2023-05-03,25.25
2023-05-04,25.625
2023-05-05,25.84
2023-05-06,25.84
2023-05-07,25.84
2023-05-08,25.84
2023-05-09,25.565
2023-05-10,25.52
2023-05-11,24.885
2023-05-12,23.855
2023-05-13,23.855
2023-05-14,23.855
2023-05-15,23.89
2023-05-16,23.785
2023-05-17,23.685
2023-05-18,23.52
2023-05-19,23.66
2023-05-20,23.66
2023-05-21,23.66
2023-05-22,23.85
2023-05-23,23.16
2023-05-24,23.415
2023-05-25,23.005
2023-05-26,23.145
2023-05-27,23.145
2023-05-28,23.145
2023-05-29,23.145
2023-05-30,23.255
2023-05-31,23.255
2023-06-01,23.49
2023-06-02,23.885
2023-06-03,23.885
2023-06-04,23.885
2023-06-05,23.475
2023-06-06,23.645
2023-06-07,23.585
2023-06-08,23.67
2023-06-09,24.315
2023-06-10,24.315
2023-06-11,24.315
2023-06-12,24.21
2023-06-13,24.19
2023-06-14,23.825
2023-06-15,23.405
2023-06-16,23.99
2023-06-17,23.99
2023-06-18,23.99
2023-06-19,23.95
2023-06-20,23.77
2023-06-21,23.075
2023-06-22,22.62
2023-06-23,22.34
2023-06-24,22.34
2023-06-25,22.34
2023-06-26,22.8
2023-06-27,22.835
2023-06-28,22.61
2023-06-29,22.83
2023-06-30,22.47
2023-07-01,22.47
2023-07-02,22.47
2023-07-03,22.775
2023-07-04,23.005
2023-07-05,22.81
2023-07-06,23.17
2023-07-07,22.715
2023-07-08,22.715
2023-07-09,22.715
2023-07-10,23.04
2023-07-11,23.135
2023-07-12,23.16
2023-07-13,24.26
2023-07-14,24.77
2023-07-15,24.77
2023-07-16,24.77
2023-07-17,24.81
2023-07-18,24.885
2023-07-19,25.015
2023-07-20,25.175
2023-07-21,24.73
2023-07-22,24.73
2023-07-23,24.73
2023-07-24,24.59
2023-07-25,24.555
2023-07-26,24.67
2023-07-27,25.01
2023-07-28,24.225
2023-07-29,24.225
2023-07-30,24.225
2023-07-31,24.355
2023-08-01,24.515
2023-08-02,24.41
2023-08-03,23.555
2023-08-04,23.45
2023-08-05,23.45
2023-08-06,23.45
2023-08-07,23.395
2023-08-08,23.04
2023-08-09,22.705
2023-08-10,22.8
2023-08-11,22.69
2023-08-12,22.69
2023-08-13,22.69
2023-08-14,22.725
2023-08-15,22.41
2023-08-16,22.695
2023-08-17,22.705
2023-08-18,22.79
2023-08-19,22.79
2023-08-20,22.79
2023-08-21,22.88
2023-08-22,23.39
2023-08-23,23.75
2023-08-24,24.185
2023-08-25,24.185
2023-08-26,24.185
2023-08-27,24.185
2023-08-28,24.185
2023-08-29,24.22
2023-08-30,24.62
2023-08-31,24.535
2023-09-01,24.645
2023-09-02,24.645
2023-09-03,24.645
2023-09-04,24.035
2023-09-05,23.545
2023-09-06,23.475
2023-09-07,23.01
2023-09-08,23.01
2023-09-09,23.01
2023-09-10,23.01
2023-09-11,23.105
2023-09-12,22.9
2023-09-13,22.905
2023-09-14,22.64
2023-09-15,23.06
2023-09-16,23.06
2023-09-17,23.06
2023-09-18,23.195
2023-09-19,23.33
2023-09-20,23.275
2023-09-21,23.24
2023-09-22,23.65
2023-09-23,23.65
2023-09-24,23.65
2023-09-25,23.56
2023-09-26,23.015
2023-09-27,22.79
2023-09-28,22.55
2023-09-29,23.075
2023-09-30,23.075
2023-10-01,23.075
2023-10-02,21.62
2023-10-03,21.055
2023-10-04,21.105
2023-10-05,21.13
2023-10-06,21.115
2023-10-07,21.115
2023-10-08,21.115
2023-10-09,21.65
2023-10-10,21.715
2023-10-11,22.07
2023-10-12,22.14
2023-10-13,22.08
2023-10-14,22.08
2023-10-15,22.08
2023-10-16,22.595
2023-10-17,22.68
2023-10-18,23.21
2023-10-19,22.885
2023-10-20,23.215
2023-10-21,23.215
2023-10-22,23.215
2023-10-23,23.185
2023-10-24,22.74
2023-10-25,22.81
2023-10-26,22.97
2023-10-27,22.755
2023-10-28,22.755
2023-10-29,22.755
2023-10-30,23.15
2023-10-31,23.2
2023-11-01,22.67
2023-11-02,23.035
2023-11-03,22.64
2023-11-04,22.64
2023-11-05,22.64
2023-11-06,23.21
2023-11-07,22.535
2023-11-08,22.44
2023-11-09,22.55
2023-11-10,22.495
2023-11-11,22.495
2023-11-12,22.495
2023-11-13,22.075
2023-11-14,22.35
2023-11-15,23.41
2023-11-16,23.67
2023-11-17,23.995
2023-11-18,23.995
2023-11-19,23.995
2023-11-20,23.385
2023-11-21,23.53
2023-11-22,23.835
2023-11-23,23.655
2023-11-24,23.705
2023-11-25,23.705
2023-11-26,23.705
2023-11-27,24.755
2023-11-28,24.65
2023-11-29,24.965
2023-11-30,25.02
2023-12-01,25.16
2023-12-02,25.16
2023-12-03,25.16
2023-12-04,25.165
2023-12-05,24.27
2023-12-06,24.095
2023-12-07,23.91
2023-12-08,23.79
2023-12-09,23.79
2023-12-10,23.79
2023-12-11,22.92
2023-12-12,22.955
2023-12-13,22.725
2023-12-14,23.99
2023-12-15,24.19
2023-12-16,24.19
2023-12-17,24.19
2023-12-18,23.935
2023-12-19,23.91
2023-12-20,23.97
2023-12-21,24.185
2023-12-22,24.46
2023-12-23,24.46
2023-12-24,24.46
2023-12-25,24.46
2023-12-26,24.46
2023-12-27,24.04
2023-12-28,24.255
2023-12-29,23.79
2023-12-30,23.79
2023-12-31,23.79
2024-01-01,23.79
2024-01-02,23.945
2024-01-03,23.28
2024-01-04,22.96
2024-01-05,22.98
2024-01-06,22.98
2024-01-07,22.98
2024-01-08,22.845
2024-01-09,23.125
2024-01-10,22.965
2024-01-11,23.03
2024-01-12,23.055
2024-01-13,23.055
2024-01-14,23.055
2024-01-15,23.21
2024-01-16,23.05
2024-01-17,22.805
2024-01-18,22.605
2024-01-19,22.8
2024-01-20,22.8
2024-01-21,22.8
2024-01-22,22.2
2024-01-23,22.26
2024-01-24,22.77
2024-01-25,22.875
2024-01-26,22.915
2024-01-27,22.915
2024-01-28,22.915
2024-01-29,23.005
2024-01-30,23.075
2024-01-31,23.09
2024-02-01,22.67
2024-02-02,23.23
2024-02-03,23.23
2024-02-04,23.23
2024-02-05,22.505
2024-02-06,22.305
2024-02-07,22.29
2024-02-08,22.35
2024-02-09,22.655
2024-02-10,22.655
2024-02-11,22.655
2024-02-12,22.915
2024-02-13,22.87
2024-02-14,22.085
2024-02-15,22.625
2024-02-16,23.01
2024-02-17,23.01
2024-02-18,23.01
2024-02-19,23.085
2024-02-20,23.06
2024-02-21,23.075
2024-02-22,23.07
2024-02-23,22.715
2024-02-24,22.715
2024-02-25,22.715
2024-02-26,22.51
2024-02-27,22.67
2024-02-28,22.345
2024-02-29,22.34
2024-03-01,22.72
2024-03-02,22.72
2024-03-03,22.72
2024-03-04,23.1
2024-03-05,23.93
2024-03-06,23.795
2024-03-07,24.155
2024-03-08,24.495
2024-03-09,24.495
2024-03-10,24.495
2024-03-11,24.355
2024-03-12,24.375
2024-03-13,24.3
2024-03-14,24.97
2024-03-15,25.22
2024-03-16,25.22
2024-03-17,25.22
2024-03-18,25.175
2024-03-19,24.93
2024-03-20,24.855
2024-03-21,25.43
2024-03-22,24.59
2024-03-23,24.59
2024-03-24,24.59
2024-03-25,24.665
2024-03-26,24.825
2024-03-27,24.515
2024-03-28,24.54
2024-03-29,24.54
2024-03-30,24.54
2024-03-31,24.54
2024-04-01,24.54
2024-04-02,25.65
2024-04-03,26.245
2024-04-04,27
2024-04-05,26.78
2024-04-06,26.78
2024-04-07,26.78
2024-04-08,27.825
2024-04-09,27.965
2024-04-10,28.075
2024-04-11,28.015
2024-04-12,29.025
2024-04-13,29.025
2024-04-14,29.025
2024-04-15,28.44
2024-04-16,28.255
2024-04-17,28.47
2024-04-18,28.47
2024-04-19,28.24
2024-04-20,28.24
2024-04-21,28.24
2024-04-22,27.735
2024-04-23,26.915
2024-04-24,27.12
2024-04-25,27.365
2024-04-26,27.625
2024-04-27,27.625
2024-04-28,27.625
2024-04-29,27.38
2024-04-30,26.655
2024-05-01,26.48
2024-05-02,26.235
2024-05-03,26.5
2024-05-04,26.5
2024-05-05,26.5
2024-05-06,26.5
2024-05-07,27.26
2024-05-08,27.235
2024-05-09,27.625
2024-05-10,28.64
2024-05-11,28.64
2024-05-12,28.64
2024-05-13,28.125
2024-05-14,28.43
2024-05-15,28.815
2024-05-16,29.67
2024-05-17,29.68
2024-05-18,29.68
2024-05-19,29.68
2024-05-20,31.795
2024-05-21,31.635
2024-05-22,31.815
2024-05-23,30.54
2024-05-24,30.59
2024-05-25,30.59
2024-05-26,30.59
2024-05-27,30.59
2024-05-28,31.555
2024-05-29,32.01
2024-05-30,31.515
2024-05-31,31.265
2024-06-01,31.265
2024-06-02,31.265
2024-06-03,30.37
2024-06-04,29.705
2024-06-05,29.61
2024-06-06,30.295
2024-06-07,30.265
2024-06-08,30.265
2024-06-09,30.265
2024-06-10,29.68
2024-06-11,29.245
2024-06-12,29.38
2024-06-13,29.24
2024-06-14,29.21
2024-06-15,29.21
2024-06-16,29.21
2024-06-17,29.235
2024-06-18,29.13
2024-06-19,29.475
2024-06-20,30.23
2024-06-21,30.435
2024-06-22,30.435
2024-06-23,30.435
2024-06-24,29.56
2024-06-25,29.56
2024-06-26,28.835
2024-06-27,28.87
2024-06-28,29.37
2024-06-29,29.37
2024-06-30,29.37
2024-07-01,29.245
2024-07-02,29.31
2024-07-03,30.13
2024-07-04,30.335
2024-07-05,30.58
2024-07-06,30.58
2024-07-07,30.58
2024-07-08,30.99
2024-07-09,31.055
2024-07-10,30.935
2024-07-11,31.015
2024-07-12,30.72
2024-07-13,30.72
2024-07-14,30.72
2024-07-15,30.74
2024-07-16,30.865
2024-07-17,30.915
2024-07-18,30.47
2024-07-19,29.105
2024-07-20,29.105
2024-07-21,29.105
2024-07-22,29.065
2024-07-23,29.055
2024-07-24,29.29
2024-07-25,27.99
2024-07-26,27.755
2024-07-27,27.755
2024-07-28,27.755
2024-07-29,28.14
2024-07-30,27.88
2024-07-31,28.56
2024-08-01,28.88
2024-08-02,28.95
2024-08-03,28.95
2024-08-04,28.95
2024-08-05,27.105
2024-08-06,27.065
2024-08-07,27.15
2024-08-08,26.93
2024-08-09,27.575
2024-08-10,27.575
2024-08-11,27.575
2024-08-12,27.965
2024-08-13,27.695
2024-08-14,27.945
2024-08-15,28.05
2024-08-16,28.135
2024-08-17,28.135
2024-08-18,28.135
2024-08-19,28.83
2024-08-20,29.77
2024-08-21,29.56
2024-08-22,29.565
2024-08-23,29.435
2024-08-24,29.435
2024-08-25,29.435
2024-08-26,29.435
2024-08-27,29.9
2024-08-28,29.435
2024-08-29,29.49
2024-08-30,29.47
2024-08-31,29.47
2024-09-01,29.47
2024-09-02,28.62
2024-09-03,28.315
2024-09-04,28.08
2024-09-05,28.72
2024-09-06,28.84
2024-09-07,28.84
2024-09-08,28.84
2024-09-09,28.13
2024-09-10,28.435
2024-09-11,28.82
2024-09-12,28.765
2024-09-13,29.965
2024-09-14,29.965
2024-09-15,29.965
2024-09-16,30.91
2024-09-17,30.68
2024-09-18,30.59
2024-09-19,31.16
2024-09-20,31.315
2024-09-21,31.315
2024-09-22,31.315
2024-09-23,30.63
2024-09-24,30.875
2024-09-25,31.845
2024-09-26,32.48
2024-09-27,31.915
2024-09-28,31.915
2024-09-29,31.915
2024-09-30,31.075
2024-10-01,31.355
2024-10-02,31.39
2024-10-03,31.5
2024-10-04,32.06
2024-10-05,32.06
2024-10-06,32.06
2024-10-07,31.88
2024-10-08,31.28
2024-10-09,30.685
2024-10-10,30.67
2024-10-11,31.195
2024-10-12,31.195
2024-10-13,31.195
2024-10-14,31.25
2024-10-15,31.16
2024-10-16,31.795
2024-10-17,31.81
2024-10-18,32.125
2024-10-19,32.125
2024-10-20,32.125
2024-10-21,34
2024-10-22,34.425
2024-10-23,34.51
2024-10-24,34.135
2024-10-25,33.15
2024-10-26,33.15
2024-10-27,33.15
2024-10-28,33.385
2024-10-29,34.145
2024-10-30,34.03
2024-10-31,33.59
2024-11-01,32.8
2024-11-02,32.8
2024-11-03,32.8
2024-11-04,32.84
2024-11-05,32.65
2024-11-06,31.8
2024-11-07,31.105
2024-11-08,31.55
2024-11-09,31.55
2024-11-10,31.55
2024-11-11,31.315
2024-11-12,30.405
2024-11-13,30.91
2024-11-14,29.99
2024-11-15,30.66
2024-11-16,30.66
2024-11-17,30.66
2024-11-18,30.74
2024-11-19,31.285
2024-11-20,30.87
2024-11-21,31.065
2024-11-22,31.255
2024-11-23,31.255
2024-11-24,31.255
2024-11-25,30.79
2024-11-26,30.54
2024-11-27,30.49
2024-11-28,30.065
2024-11-29,30.7
2024-11-30,30.7
2024-12-01,30.7
2024-12-02,30.455
2024-12-03,30.905
2024-12-04,30.835
2024-12-05,31.345
2024-12-06,31.11
2024-12-07,31.11
2024-12-08,31.11
2024-12-09,31.63
2024-12-10,31.9
2024-12-11,31.7
2024-12-12,31.88
2024-12-13,30.735
2024-12-14,30.735
2024-12-15,30.735
2024-12-16,30.655
2024-12-17,30.31
2024-12-18,30.355
2024-12-19,29.49
2024-12-20,28.795
2024-12-21,28.795
2024-12-22,28.795
2024-12-23,29.605
2024-12-24,29.48
2024-12-25,29.48
2024-12-26,29.48
2024-12-27,29.645
2024-12-28,29.645
2024-12-29,29.645
2024-12-30,29.46
2024-12-31,28.905
2025-01-01,28.905
2025-01-02,29.405
2025-01-03,29.815
2025-01-04,29.815
2025-01-05,29.815
2025-01-06,30.27
2025-01-07,30.235
2025-01-08,30.14
2025-01-09,30.285
2025-01-10,30.355
2025-01-11,30.355
2025-01-12,30.355
2025-01-13,29.88
2025-01-14,29.735
2025-01-15,29.99
2025-01-16,30.705
2025-01-17,30.63
2025-01-18,30.63
2025-01-19,30.63
2025-01-20,30.255
2025-01-21,30.485
2025-01-22,30.795
2025-01-23,30.475
2025-01-24,30.84
2025-01-25,30.84
2025-01-26,30.84
2025-01-27,30.58
2025-01-28,30.15
2025-01-29,30.44
2025-01-30,30.995
2025-01-31,31.605
2025-02-01,31.605
2025-02-02,31.605
2025-02-03,31.29
2025-02-04,31.595
2025-02-05,32.275
2025-02-06,32.02
2025-02-07,32.275
2025-02-08,32.275
2025-02-09,32.275
2025-02-10,32.265
2025-02-11,31.73
2025-02-12,31.765
2025-02-13,32.275
2025-02-14,33.105
2025-02-15,33.105
2025-02-16,33.105
2025-02-17,32.48
2025-02-18,32.46
2025-02-19,32.91
2025-02-20,33.06
2025-02-21,32.93
2025-02-22,32.93
2025-02-23,32.93
2025-02-24,32.51
2025-02-25,32.145
2025-02-26,31.715
2025-02-27,31.725
2025-02-28,31.135
2025-03-01,31.135
2025-03-02,31.135
2025-03-03,31.525
2025-03-04,31.905
2025-03-05,32.255
2025-03-06,32.43
2025-03-07,32.495
2025-03-08,32.495
2025-03-09,32.495
2025-03-10,32.505
2025-03-11,32.55
2025-03-12,33.03
2025-03-13,33.15
2025-03-14,33.895
2025-03-15,33.895
2025-03-16,33.895
2025-03-17,33.77
2025-03-18,34.085
2025-03-19,33.92
2025-03-20,33.31
2025-03-21,33.18
2025-03-22,33.18
2025-03-23,33.18
2025-03-24,33.085
2025-03-25,33.435
2025-03-26,33.76
2025-03-27,34.11
2025-03-28,34.395
2025-03-29,34.395
2025-03-30,34.395
2025-03-31,34.055
2025-04-01,33.97
2025-04-02,33.87
2025-04-03,32.475
2025-04-04,31.34
2025-04-05,31.34
2025-04-06,31.34
2025-04-07,30.325
2025-04-08,30.315
2025-04-09,30.18
2025-04-10,30.925
2025-04-11,31.27
2025-04-12,31.27
2025-04-13,31.27
2025-04-14,32.275
2025-04-15,32.31
2025-04-16,32.955
2025-04-17,32.31
2025-04-18,32.31
2025-04-19,32.31
2025-04-20,32.31
2025-04-21,32.31
2025-04-22,32.61
2025-04-23,32.96
2025-04-24,33.395
2025-04-25,33.335
2025-04-26,33.335
2025-04-27,33.335
2025-04-28,33.01
2025-04-29,33.225
2025-04-30,32.225
2025-05-01,32.125
2025-05-02,32.365
2025-05-03,32.365
2025-05-04,32.365
2025-05-05,32.365
2025-05-06,33.025
2025-05-07,32.875
2025-05-08,32.43
2025-05-09,32.515
2025-05-10,32.515
2025-05-11,32.515
2025-05-12,32.02
2025-05-13,32.98
2025-05-14,32.885
2025-05-15,32.085
2025-05-16,32.135
2025-05-17,32.135
2025-05-18,32.135
2025-05-19,32.52
2025-05-20,32.5
2025-05-21,33.16
2025-05-22,32.725
2025-05-23,33.095
2025-05-24,33.095
2025-05-25,33.095
2025-05-26,33.095
2025-05-27,32.9
2025-05-28,33.285
2025-05-29,33.37
2025-05-30,33.08
2025-05-31,33.08
2025-06-01,33.08
2025-06-02,33.245
2025-06-03,34.25
2025-06-04,34.35
2025-06-05,35.795
2025-06-06,36.185
2025-06-07,36.185
2025-06-08,36.185
2025-06-09,36.25
2025-06-10,36.76
2025-06-11,36.2
2025-06-12,36.18
2025-06-13,36.075
2025-06-14,36.075
2025-06-15,36.075
2025-06-16,36.375
2025-06-17,37.065
2025-06-18,37.155
2025-06-19,36.31
2025-06-20,36.13
2025-06-21,36.13
2025-06-22,36.13
2025-06-23,36.13
2025-06-24,36.065
2025-06-25,35.765
2025-06-26,36.59
2025-06-27,35.98
2025-06-28,35.98
2025-06-29,35.98
2025-06-30,35.975
2025-07-01,36.505
2025-07-02,36.305
2025-07-03,36.88
2025-07-04,36.885
2025-07-05,36.885
2025-07-06,36.885
2025-07-07,36.245
2025-07-08,36.775
2025-07-09,36.59
2025-07-10,36.81
2025-07-11,37.5
2025-07-12,37.5
2025-07-13,37.5
2025-07-14,38.995
2025-07-15,38.26
2025-07-16,37.875
2025-07-17,37.755
2025-07-18,38.27
2025-07-19,38.27
2025-07-20,38.27
2025-07-21,38.47
2025-07-22,38.84
2025-07-23,39.32
2025-07-24,39.025
2025-07-25,38.735
2025-07-26,38.735
2025-07-27,38.735
2025-07-28,38.125
2025-07-29,38.105
2025-07-30,37.92
2025-07-31,36.22
2025-08-01,36.49
2025-08-02,36.49
2025-08-03,36.49
2025-08-04,37.15
2025-08-05,37.35
2025-08-06,37.775
2025-08-07,38.375
2025-08-08,38.29
2025-08-09,38.29
2025-08-10,38.29
2025-08-11,37.755
2025-08-12,37.69
2025-08-13,38.605
2025-08-14,38.315
2025-08-15,37.73
2025-08-16,37.73
2025-08-17,37.73
2025-08-18,38.085
2025-08-19,38.07
2025-08-20,37.075
2025-08-21,37.565
2025-08-22,38.005
2025-08-23,38.005
2025-08-24,38.005
2025-08-25,38.005
2025-08-26,38.42
2025-08-27,38.215
2025-08-28,38.935
2025-08-29,38.8
2025-08-30,38.8
2025-08-31,38.8
2025-09-01,40.575
2025-09-02,40.52
2025-09-03,40.86
2025-09-04,40.965
2025-09-05,40.745
2025-09-06,40.745
2025-09-07,40.745
2025-09-08,41.19
2025-09-09,41.245
2025-09-10,41.205
2025-09-11,41.075
2025-09-12,42.26
2025-09-13,42.26
2025-09-14,42.26
2025-09-15,42.2
2025-09-16,42.69
2025-09-17,41.265
2025-09-18,41.855
2025-09-19,42.235
2025-09-20,42.235
2025-09-21,42.235
2025-09-22,43.735
2025-09-23,44.325
2025-09-24,43.875
2025-09-25,44.94
2025-09-26,45
2025-09-27,45
2025-09-28,45
2025-09-29,46.95
2025-09-30,46.175
2025-10-01,47.28
2025-10-02,47.395
2025-10-03,47.605
2025-10-04,47.605
2025-10-05,47.605
2025-10-06,48.565
2025-10-07,48.45
2025-10-08,49.005
2025-10-09,49.705
2025-10-10,50.76
2025-10-11,50.76
2025-10-12,50.76
2025-10-13,51.24
2025-10-14,51.52
2025-10-15,52.585
2025-10-16,53.02
2025-10-17,54.1
2025-10-18,54.1
2025-10-19,54.1
2025-10-20,51.8
2025-10-21,49.945
2025-10-22,47.76
2025-10-23,49.105
2025-10-24,48.005
2025-10-25,48.005
2025-10-26,48.005
2025-10-27,47.365
2025-10-28,46.44
2025-10-29,48.175
2025-10-30,48.18
2025-10-31,48.96
2025-11-01,48.96
2025-11-02,48.96
2025-11-03,48.775
2025-11-04,47.76
2025-11-05,47.61
2025-11-06,48.685
2025-11-07,48.695
2025-11-08,48.695
2025-11-09,48.695
2025-11-10,50.04
2025-11-11,51.24
2025-11-12,51.535
2025-11-13,53.87
2025-11-14,52.01
2025-11-15,52.01
2025-11-16,52.01
2025-11-17,51.055
2025-11-18,50.3
2025-11-19,52.2
2025-11-20,50.845
2025-11-21,48.905
2025-11-22,48.905
2025-11-23,48.905
2025-11-24,50.04
2025-11-25,51.205
2025-11-26,52.48
2025-11-27,53.4
2025-11-28,53.91
2025-11-29,53.91
2025-11-30,53.91
2025-12-01,57.49
2025-12-02,57.44
2025-12-03,58.365
2025-12-04,57.565
2025-12-05,58.105
2025-12-06,58.105
2025-12-07,58.105
2025-12-08,58.375
2025-12-09,58.63
2025-12-10,61.035
2025-12-11,62.115
2025-12-12,64.51
2025-12-13,64.51
2025-12-14,64.51
2025-12-15,63.87
2025-12-16,62.98
2025-12-17,65.945
2025-12-18,66.295
2025-12-19,65.785
2025-12-20,65.785
2025-12-21,65.785
2025-12-22,69.22
2025-12-23,69.74
2025-12-24,72.18
2025-12-25,72.18
2025-12-26,72.18
2025-12-27,72.18
2025-12-28,72.18
2025-12-29,74.635
2025-12-30,74.835
2025-12-31,71.99
2026-01-01,71.99
2026-01-02,74.215
2026-01-03,74.215
2026-01-04,74.215
2026-01-05,75.07
2026-01-06,78.475
2026-01-07,78.985
2026-01-08,75.205
2026-01-09,78.14
2026-01-10,78.14
2026-01-11,78.14
2026-01-12,84.07
2026-01-13,85.82
2026-01-14,91.095
2026-01-15,91.265
2026-01-16,90.8
2026-01-17,90.8
2026-01-18,90.8
2026-01-19,93.005
2026-01-20,95.7
2026-01-21,94.855
2026-01-22,93.38
2026-01-23,99
2026-01-24,99
2026-01-25,99
2026-01-26,109.605
2026-01-27,111.565
2026-01-28,112.795
2026-01-29,118.45
2026-01-30,103.19
2026-01-31,103.19
2026-02-01,103.19
2026-02-02,81.975
2026-02-03,87.49
2026-02-04,90.59
2026-02-05,78.71
2026-02-06,74.94
2026-02-07,74.94
2026-02-08,74.94
2026-02-09,80.36
2026-02-10,82.28
2026-02-11,86.1
2026-02-12,83.515
2026-02-13,77.35
2026-02-14,77.35
2026-02-15,77.35
2026-02-16,77.09
2026-02-17,74.645
2026-02-18,75.45
2026-02-19,77.75
2026-02-20,80.505
2026-02-21,80.505
2026-02-22,80.505
2026-02-23,86.94
2026-02-24,88.105
2026-02-25,90.705
2026-02-26,86.43
2026-02-27,89.975
2026-02-28,89.975
2026-03-01,89.975
2026-03-02,94.62
2026-03-03,81.305
2026-03-04,86.785
2026-03-05,84.215
2026-03-06,82.34
2026-03-07,82.34
2026-03-08,82.34
2026-03-09,83.445
2026-03-10,88.525
2026-03-11,86.23
2026-03-12,87.03
2026-03-13,83.695
2026-03-14,83.695
2026-03-15,83.695
2026-03-16,78.945
2026-03-17,80.215
2026-03-18,78.6
2026-03-19,69.7
2026-03-20,72.37
2026-03-21,72.37
2026-03-22,72.37
2026-03-23,67.23
2026-03-24,69.97
2026-03-25,73.17
2026-03-26,67.29
2026-03-27,67.795
2026-03-28,67.795
2026-03-29,67.795
2026-03-30,70.75
2026-03-31,72.685
2026-04-01,74.87
2026-04-02,70.99
2026-04-03,70.99
2026-04-04,70.99
2026-04-05,70.99
2026-04-06,70.99
2026-04-07,72.105
2026-04-08,76.805
2026-04-09,74.075
2026-04-10,75.545
2026-04-11,75.545
2026-04-12,75.545
2026-04-13,74.365
2026-04-14,77.425
2026-04-15,78.575
2026-04-16,79.685
2026-04-17,79.32
2026-04-18,79.32
2026-04-19,79.32
2026-04-20,79.305
2026-04-21,79.005
2026-04-22,78.065
2026-04-23,74.545
2026-04-24,74.825
2026-04-25,74.825
2026-04-26,74.825
2026-04-27,75.915
2026-04-28,73.19
2026-04-29,72.77
2026-04-30,73.55
2026-05-01,73.14
2026-05-02,73.14
2026-05-03,73.14
2026-05-04,73.14
2026-05-05,73.435
2026-05-06,77.615
2026-05-07,80.34
2026-05-08,80.64
2026-05-09,80.64
2026-05-10,80.64
2026-05-11,80.4
2026-05-12,83.64
2026-05-13,86.695
2026-05-14,86.785
2026-05-15,78.74
2026-05-16,78.74
2026-05-17,78.74
2026-05-18,75.73
2026-05-19,76.04
2026-05-20,75.65
2026-05-21,74.755
2026-05-22,75.84
2026-05-23,75.84
2026-05-24,75.84
2026-05-25,75.84
2026-05-26,76.245
2026-05-27,74.35
2026-05-28,73.02
2026-05-29,75.785
2026-05-30,75.785
2026-05-31,75.785
2026-06-01,75.655
2026-06-02,76.26
2026-06-03,74.345
2026-06-04,73.48
2026-06-05,72.655
2026-06-06,72.655
2026-06-07,72.655
2026-06-08,67.125
2026-06-09,68.6
2026-06-10,64.46
2026-06-11,63.795
2026-06-12,67.03
2026-06-13,67.03
2026-06-14,67.03
2026-06-15,70.69
2026-06-16,70.375
2026-06-17,69.805
2026-06-18,67.75
2026-06-19,64.665
2026-06-20,64.665
2026-06-21,64.665
2026-06-22,66.35
2026-06-23,62.19
2026-06-24,60.6
2026-06-25,57.365
2026-06-26,58.38
2026-06-27,58.38
2026-06-28,58.38
2026-06-29,57.705
2026-06-30,58.795
2026-07-01,58.25
2026-07-02,59.64
2026-07-03,62.255
2026-07-04,62.255
2026-07-05,62.255
2026-07-06,62.07
2026-07-07,60.64
2026-07-08,58.42
2026-07-09,58.825
2026-07-10,59.345
2026-07-11,59.345
2026-07-12,59.345
2026-07-13,58.39
2026-07-14,57.88
2026-07-15,57.95
2026-07-16,56.5
2026-07-17,55.29
2026-07-18,55.29
2026-07-19,55.29
2026-07-20,56.81
2026-07-21,58.89
2026-07-22,59.34
2026-07-23,58.66
2026-07-24,58.325
2026-07-25,58.325
2026-07-26,58.325
2026-07-27,59.035
2026-07-28,57.17
2026-07-29,57.395
2026-07-30,58.055
2026-07-31,57.725
2026-08-01,57.725
2026-08-02,57.725
2026-08-03,57.965
2026-08-04,58.785
2026-08-05,61.265
2026-08-06,61.735
2026-08-07,64.32
2026-08-08,64.32
2026-08-09,64.32
2026-08-10,63.935
2026-08-11,65.185
2026-08-12,66.25
2026-08-13,64.955
2026-08-14,64.605
2026-08-15,64.605
2026-08-16,64.605
2026-08-17,65.61
2026-08-18,65.095
2026-08-19,63.355
2026-08-20,66.745
2026-08-21,69.51
2026-08-22,69.51
2026-08-23,69.51
2026-08-24,68.72
2026-08-25,67.865
2026-08-26,68.495
2026-08-27,68.47
2026-08-28,70.26
2026-08-29,70.26
2026-08-30,70.26
2026-08-31,70.26
2026-09-01,64.765
2026-09-02,63.695
2026-09-03,65.645
2026-09-04,66.835
2026-09-05,66.835
2026-09-06,66.835
2026-09-07,65.57
2026-09-08,65.915
2026-09-09,66.255
2026-09-10,65.71
2026-09-11,63.84
2026-09-12,63.84
2026-09-13,63.84
2026-09-14,62.81
2026-09-15,63.17
2026-09-16,64.745
2026-09-17,64.125
2026-09-18,67.035
2026-09-19,67.035
2026-09-20,67.035
2026-09-21,65.875
2026-09-22,65.635
2026-09-23,65.185
2026-09-24,63.58
